id	PPX_accession	PPX_accession__url	INSDC_accession	INSDC_accession__url	strain	date	region	country	division	location	host	is_lab_host	date_submitted	sra_accession	authors	institution	dataUseTerms	dataUseTerms__url	restrictedUntil
PP_006X5RB	PP_006X5RB.1	https://pathoplexus.org/seq/PP_006X5RB.1	FJ217161.1	https://www.ncbi.nlm.nih.gov/nuccore/FJ217161.1	Uganda/PP_006X5RB.1/2007-11	2007-11-XX	Africa	Uganda			human		2008-11-21		Towner et al.	Centers for Disease Control and Prevention, Special Pathogens Branch	OPEN	https://pathoplexus.org/about/terms-of-use/open-data	
PP_006X63M	PP_006X63M.1	https://pathoplexus.org/seq/PP_006X63M.1	KR063673.1	https://www.ncbi.nlm.nih.gov/nuccore/KR063673.1	Uganda/PP_006X63M.1/2007-10-01	2007-10-01	Africa	Uganda			human	True	2015-04-11		Das et al.	J. Craig Venter Institute	OPEN	https://pathoplexus.org/about/terms-of-use/open-data	
PP_006X64K	PP_006X64K.1	https://pathoplexus.org/seq/PP_006X64K.1	KU182911.1	https://www.ncbi.nlm.nih.gov/nuccore/KU182911.1	Uganda/PP_006X64K.1/2007-11-14	2007-11-14	Africa	Uganda			human	True	2015-12-22		Das et al.	J. Craig Venter Institute	OPEN	https://pathoplexus.org/about/terms-of-use/open-data	
PP_006X6EZ	PP_006X6EZ.1	https://pathoplexus.org/seq/PP_006X6EZ.1	MT680245.1	https://www.ncbi.nlm.nih.gov/nuccore/MT680245.1	Democratic_Republic_of_the_Congo/PP_006X6EZ.1/2012-08-20	2012-08-20	Africa	Democratic Republic of the Congo	Isiro				2020-08-18		Hulseberg et al.	United States Army Research Institute of Infectious Diseases, Genome Sciences	OPEN	https://pathoplexus.org/about/terms-of-use/open-data	
PP_006X6FX	PP_006X6FX.1	https://pathoplexus.org/seq/PP_006X6FX.1	MT680246.1	https://www.ncbi.nlm.nih.gov/nuccore/MT680246.1	Democratic_Republic_of_the_Congo/PP_006X6FX.1/2012-09-21	2012-09-21	Africa	Democratic Republic of the Congo	Isiro				2020-08-18		Hulseberg et al.	United States Army Research Institute of Infectious Diseases, Genome Sciences	OPEN	https://pathoplexus.org/about/terms-of-use/open-data	
PP_006X6GV	PP_006X6GV.1	https://pathoplexus.org/seq/PP_006X6GV.1	MT680247.1	https://www.ncbi.nlm.nih.gov/nuccore/MT680247.1	Democratic_Republic_of_the_Congo/PP_006X6GV.1/2012-09-21	2012-09-21	Africa	Democratic Republic of the Congo	Isiro				2020-08-18		Hulseberg et al.	United States Army Research Institute of Infectious Diseases, Genome Sciences	OPEN	https://pathoplexus.org/about/terms-of-use/open-data	
PP_006X6HS	PP_006X6HS.1	https://pathoplexus.org/seq/PP_006X6HS.1	MT680248.1	https://www.ncbi.nlm.nih.gov/nuccore/MT680248.1	Democratic_Republic_of_the_Congo/PP_006X6HS.1/2012-08	2012-08-XX	Africa	Democratic Republic of the Congo	Isiro		African green monkey; grivet monkey; savanah monkey		2020-08-18		Hulseberg et al.	United States Army Research Institute of Infectious Diseases, Genome Sciences	OPEN	https://pathoplexus.org/about/terms-of-use/open-data	
PP_006X6JQ	PP_006X6JQ.1	https://pathoplexus.org/seq/PP_006X6JQ.1	MT680249.1	https://www.ncbi.nlm.nih.gov/nuccore/MT680249.1	Democratic_Republic_of_the_Congo/PP_006X6JQ.1/2012-08	2012-08-XX	Africa	Democratic Republic of the Congo	Isiro		African green monkey; grivet monkey; savanah monkey		2020-08-18		Hulseberg et al.	United States Army Research Institute of Infectious Diseases, Genome Sciences	OPEN	https://pathoplexus.org/about/terms-of-use/open-data	
PP_006X6KN	PP_006X6KN.1	https://pathoplexus.org/seq/PP_006X6KN.1	MT680250.1	https://www.ncbi.nlm.nih.gov/nuccore/MT680250.1	Democratic_Republic_of_the_Congo/PP_006X6KN.1/2012-08	2012-08-XX	Africa	Democratic Republic of the Congo	Isiro		African green monkey; grivet monkey; savanah monkey		2020-08-18		Hulseberg et al.	United States Army Research Institute of Infectious Diseases, Genome Sciences	OPEN	https://pathoplexus.org/about/terms-of-use/open-data	
PP_006X6LL	PP_006X6LL.1	https://pathoplexus.org/seq/PP_006X6LL.1	MT680251.1	https://www.ncbi.nlm.nih.gov/nuccore/MT680251.1	Democratic_Republic_of_the_Congo/PP_006X6LL.1/2012-08	2012-08-XX	Africa	Democratic Republic of the Congo	Isiro		African green monkey; grivet monkey; savanah monkey		2020-08-18		Hulseberg et al.	United States Army Research Institute of Infectious Diseases, Genome Sciences	OPEN	https://pathoplexus.org/about/terms-of-use/open-data	
PP_006X6MJ	PP_006X6MJ.1	https://pathoplexus.org/seq/PP_006X6MJ.1	MT680252.1	https://www.ncbi.nlm.nih.gov/nuccore/MT680252.1	Democratic_Republic_of_the_Congo/PP_006X6MJ.1/2012-08	2012-08-XX	Africa	Democratic Republic of the Congo	Isiro		African green monkey; grivet monkey; savanah monkey		2020-08-18		Hulseberg et al.	United States Army Research Institute of Infectious Diseases, Genome Sciences	OPEN	https://pathoplexus.org/about/terms-of-use/open-data	
PP_006X6NG	PP_006X6NG.1	https://pathoplexus.org/seq/PP_006X6NG.1	MT680253.1	https://www.ncbi.nlm.nih.gov/nuccore/MT680253.1	Democratic_Republic_of_the_Congo/PP_006X6NG.1/2012-08	2012-08-XX	Africa	Democratic Republic of the Congo	Isiro		African green monkey; grivet monkey; savanah monkey		2020-08-18		Hulseberg et al.	United States Army Research Institute of Infectious Diseases, Genome Sciences	OPEN	https://pathoplexus.org/about/terms-of-use/open-data	
PP_006X6PE	PP_006X6PE.1	https://pathoplexus.org/seq/PP_006X6PE.1	MT680254.1	https://www.ncbi.nlm.nih.gov/nuccore/MT680254.1	Democratic_Republic_of_the_Congo/PP_006X6PE.1/2012-08	2012-08-XX	Africa	Democratic Republic of the Congo	Isiro		African green monkey; grivet monkey; savanah monkey		2020-08-18		Hulseberg et al.	United States Army Research Institute of Infectious Diseases, Genome Sciences	OPEN	https://pathoplexus.org/about/terms-of-use/open-data	
PP_006X6QC	PP_006X6QC.1	https://pathoplexus.org/seq/PP_006X6QC.1	MT680255.1	https://www.ncbi.nlm.nih.gov/nuccore/MT680255.1	Democratic_Republic_of_the_Congo/PP_006X6QC.1/2012-08	2012-08-XX	Africa	Democratic Republic of the Congo	Isiro		African green monkey; grivet monkey; savanah monkey		2020-08-18		Hulseberg et al.	United States Army Research Institute of Infectious Diseases, Genome Sciences	OPEN	https://pathoplexus.org/about/terms-of-use/open-data	
PP_006X6RA	PP_006X6RA.1	https://pathoplexus.org/seq/PP_006X6RA.1	MT680256.1	https://www.ncbi.nlm.nih.gov/nuccore/MT680256.1	Democratic_Republic_of_the_Congo/PP_006X6RA.1/2012-08	2012-08-XX	Africa	Democratic Republic of the Congo	Isiro				2020-08-18		Hulseberg et al.	United States Army Research Institute of Infectious Diseases, Genome Sciences	OPEN	https://pathoplexus.org/about/terms-of-use/open-data	
PP_006X6S8	PP_006X6S8.1	https://pathoplexus.org/seq/PP_006X6S8.1	MT680257.1	https://www.ncbi.nlm.nih.gov/nuccore/MT680257.1	Democratic_Republic_of_the_Congo/PP_006X6S8.1/2012-08	2012-08-XX	Africa	Democratic Republic of the Congo	Isiro				2020-08-18		Hulseberg et al.	United States Army Research Institute of Infectious Diseases, Genome Sciences	OPEN	https://pathoplexus.org/about/terms-of-use/open-data	
PP_006X6T6	PP_006X6T6.1	https://pathoplexus.org/seq/PP_006X6T6.1	MT680258.1	https://www.ncbi.nlm.nih.gov/nuccore/MT680258.1	Democratic_Republic_of_the_Congo/PP_006X6T6.1/2012-08	2012-08-XX	Africa	Democratic Republic of the Congo	Isiro				2020-08-18		Hulseberg et al.	United States Army Research Institute of Infectious Diseases, Genome Sciences	OPEN	https://pathoplexus.org/about/terms-of-use/open-data	
PP_006X6U4	PP_006X6U4.1	https://pathoplexus.org/seq/PP_006X6U4.1	MT680259.1	https://www.ncbi.nlm.nih.gov/nuccore/MT680259.1	Democratic_Republic_of_the_Congo/PP_006X6U4.1/2012-08	2012-08-XX	Africa	Democratic Republic of the Congo	Isiro				2020-08-18		Hulseberg et al.	United States Army Research Institute of Infectious Diseases, Genome Sciences	OPEN	https://pathoplexus.org/about/terms-of-use/open-data	
PP_006X6V2	PP_006X6V2.1	https://pathoplexus.org/seq/PP_006X6V2.1	MT680260.1	https://www.ncbi.nlm.nih.gov/nuccore/MT680260.1	Democratic_Republic_of_the_Congo/PP_006X6V2.1/2012-08	2012-08-XX	Africa	Democratic Republic of the Congo	Isiro				2020-08-18		Hulseberg et al.	United States Army Research Institute of Infectious Diseases, Genome Sciences	OPEN	https://pathoplexus.org/about/terms-of-use/open-data	
PP_006X6W0	PP_006X6W0.1	https://pathoplexus.org/seq/PP_006X6W0.1	MT680261.1	https://www.ncbi.nlm.nih.gov/nuccore/MT680261.1	Democratic_Republic_of_the_Congo/PP_006X6W0.1/2012-08	2012-08-XX	Africa	Democratic Republic of the Congo	Isiro				2020-08-18		Hulseberg et al.	United States Army Research Institute of Infectious Diseases, Genome Sciences	OPEN	https://pathoplexus.org/about/terms-of-use/open-data	
PP_006X6XY	PP_006X6XY.1	https://pathoplexus.org/seq/PP_006X6XY.1	MT680262.1	https://www.ncbi.nlm.nih.gov/nuccore/MT680262.1	Democratic_Republic_of_the_Congo/PP_006X6XY.1/2012-08-20	2012-08-20	Africa	Democratic Republic of the Congo	Isiro		African green monkey; grivet monkey; savanah monkey		2020-08-18		Hulseberg et al.	United States Army Research Institute of Infectious Diseases, Genome Sciences	OPEN	https://pathoplexus.org/about/terms-of-use/open-data	
PP_006X6YW	PP_006X6YW.1	https://pathoplexus.org/seq/PP_006X6YW.1	MT742157.1	https://www.ncbi.nlm.nih.gov/nuccore/MT742157.1	Democratic_Republic_of_the_Congo/PP_006X6YW.1/2012-09-09	2012-09-09	Africa	Democratic Republic of the Congo	Isiro		human		2020-08-18		Hulseberg et al.	United States Army Research Institute of Infectious Diseases, Genome Sciences	OPEN	https://pathoplexus.org/about/terms-of-use/open-data	
PP_006X6ZU	PP_006X6ZU.1	https://pathoplexus.org/seq/PP_006X6ZU.1	NC_014373.1	https://www.ncbi.nlm.nih.gov/nuccore/NC_014373.1	Uganda/PP_006X6ZU.1/2007-11	2007-11-XX	Africa	Uganda			human		2010-08-09		Towner et al.	National Center for Biotechnology Information, NIH	OPEN	https://pathoplexus.org/about/terms-of-use/open-data	
PP_006XCJJ	PP_006XCJJ.1	https://pathoplexus.org/seq/PP_006XCJJ.1	OZ491530.1	https://www.ncbi.nlm.nih.gov/nuccore/OZ491530.1	Uganda/CL023114/2026-05-14	2026-05-14	Africa	Uganda	Western Region	Hoima	human		2026-05-17		Kanyerezi et al.	Department of National Health Laboratory and Diagnostics Services, Central Public Health Laboratories (NHLDS-CPHL), Ministry of Health, P.O. Box 7272, Kampala, Uganda;The African Center of Excellence in Bioinformatics and Data-Intensive Sciences, the Infectious Diseases Institute, College of Health Sciences, Makerere University, P.O Box 22418, Kampala, Uganda;Department of Immunology and Molecular Biology, School of Biomedical Sciences, College of Health Sciences,  Makerere University, P.O Box 7072, Kampala, Uganda;National Public Health Emergency Operations Center-PEOC, Ministry of Health;Department of Global Health Security, Infectious Diseases Institute, Makerere University, Kampala, Uganda;Uganda National Institute of Public Health, Ministry of Health;Infectious Diseases Research Collaboration, Kampala, Uganda	OPEN	https://pathoplexus.org/about/terms-of-use/open-data	
PP_006XHKB	PP_006XHKB.3	https://pathoplexus.org/seq/PP_006XHKB.3	OZ538083.1	https://www.ncbi.nlm.nih.gov/nuccore/OZ538083.1	Democratic_Republic_of_the_Congo/26FHV045/2026-05-03	2026-05-03	Africa	Democratic Republic of the Congo	Ituri	Bunia	human		2026-05-18		Amuri-Aziza et al.	Institut National de Recherche Biomédicale	OPEN	https://pathoplexus.org/about/terms-of-use/open-data	
PP_006Y8ME	PP_006Y8ME.2	https://pathoplexus.org/seq/PP_006Y8ME.2	OZ532046.1	https://www.ncbi.nlm.nih.gov/nuccore/OZ532046.1	Democratic_Republic_of_the_Congo/26FHV058/2026-05-06	2026-05-06	Africa	Democratic Republic of the Congo	Ituri	Katwa	human		2026-05-21		Amuri-Aziza et al.	Institut National de Recherche Biomédicale	OPEN	https://pathoplexus.org/about/terms-of-use/open-data	
PP_006Y8NC	PP_006Y8NC.3	https://pathoplexus.org/seq/PP_006Y8NC.3	OZ532042.1	https://www.ncbi.nlm.nih.gov/nuccore/OZ532042.1	Democratic_Republic_of_the_Congo/26FHV061/2026-05-15	2026-05-15	Africa	Democratic Republic of the Congo	Ituri	Bunia	human		2026-05-21		Amuri-Aziza et al.	Institut National de Recherche Biomédicale	OPEN	https://pathoplexus.org/about/terms-of-use/open-data	
PP_006Y8PA	PP_006Y8PA.3	https://pathoplexus.org/seq/PP_006Y8PA.3	OZ532041.1	https://www.ncbi.nlm.nih.gov/nuccore/OZ532041.1	Democratic_Republic_of_the_Congo/26FHV062/2026-05-15	2026-05-15	Africa	Democratic Republic of the Congo	Ituri	Bunia	human		2026-05-21		Amuri-Aziza et al.	Institut National de Recherche Biomédicale	OPEN	https://pathoplexus.org/about/terms-of-use/open-data	
PP_006Y8Q8	PP_006Y8Q8.3	https://pathoplexus.org/seq/PP_006Y8Q8.3	OZ532045.1	https://www.ncbi.nlm.nih.gov/nuccore/OZ532045.1	Democratic_Republic_of_the_Congo/26FHV063/2026-05-15	2026-05-15	Africa	Democratic Republic of the Congo	Ituri	Bunia	human		2026-05-21		Amuri-Aziza et al.	Institut National de Recherche Biomédicale	OPEN	https://pathoplexus.org/about/terms-of-use/open-data	
PP_006Y8R6	PP_006Y8R6.2	https://pathoplexus.org/seq/PP_006Y8R6.2	OZ532044.1	https://www.ncbi.nlm.nih.gov/nuccore/OZ532044.1	Democratic_Republic_of_the_Congo/26FHV064/2026-05-16	2026-05-16	Africa	Democratic Republic of the Congo	Ituri	Bunia	human		2026-05-21		Amuri-Aziza et al.	Institut National de Recherche Biomédicale	OPEN	https://pathoplexus.org/about/terms-of-use/open-data	
PP_00711S5	PP_00711S5.3	https://pathoplexus.org/seq/PP_00711S5.3	OZ538121.1	https://www.ncbi.nlm.nih.gov/nuccore/OZ538121.1	Democratic_Republic_of_the_Congo/26FHV047/2026-05-03	2026-05-03	Africa	Democratic Republic of the Congo	Ituri	Rwampara	human		2026-05-28		Luakanda-Ndelemo et al.	Institut National de Recherche Biomédicale	OPEN	https://pathoplexus.org/about/terms-of-use/open-data	
PP_00711T3	PP_00711T3.3	https://pathoplexus.org/seq/PP_00711T3.3	OZ538124.1	https://www.ncbi.nlm.nih.gov/nuccore/OZ538124.1	Democratic_Republic_of_the_Congo/26FHV051/2026-05-03	2026-05-03	Africa	Democratic Republic of the Congo	Ituri	Rwampara	human		2026-05-28		Luakanda-Ndelemo et al.	Institut National de Recherche Biomédicale	OPEN	https://pathoplexus.org/about/terms-of-use/open-data	
PP_00711VZ	PP_00711VZ.3	https://pathoplexus.org/seq/PP_00711VZ.3	OZ538116.1	https://www.ncbi.nlm.nih.gov/nuccore/OZ538116.1	Democratic_Republic_of_the_Congo/26FHV056/2026-05-03	2026-05-03	Africa	Democratic Republic of the Congo	Ituri	Nyankunde	human		2026-05-28		Luakanda-Ndelemo et al.	Institut National de Recherche Biomédicale	OPEN	https://pathoplexus.org/about/terms-of-use/open-data	
PP_00712Q8	PP_00712Q8.3	https://pathoplexus.org/seq/PP_00712Q8.3	OZ538117.1	https://www.ncbi.nlm.nih.gov/nuccore/OZ538117.1	Democratic_Republic_of_the_Congo/26FHV044/2026-05-03	2026-05-03	Africa	Democratic Republic of the Congo	Ituri	Rwampara	human		2026-05-29		Luakanda-Ndelemo et al.	Institut National de Recherche Biomédicale	OPEN	https://pathoplexus.org/about/terms-of-use/open-data	
PP_0076REW	PP_0076REW.1	https://pathoplexus.org/seq/PP_0076REW.1	OZ491535.1	https://www.ncbi.nlm.nih.gov/nuccore/OZ491535.1	Uganda/CL023559/2026-05-24	2026-05-24	Africa	Uganda	Central Region	Wakiso	human		2026-07-02		Kanyerezi et al.	Department of National Health Laboratory and Diagnostics Services, Central Public Health Laboratories (NHLDS-CPHL), Ministry of Health, P.O. Box 7272, Kampala, Uganda;The African Center of Excellence in Bioinformatics and Data-Intensive Sciences, the Infectious Diseases Institute, College of Health Sciences, Makerere University, P.O Box 22418, Kampala, Uganda;Department of Immunology and Molecular Biology, School of Biomedical Sciences, College of Health Sciences,  Makerere University, P.O Box 7072, Kampala, Uganda;National Public Health Emergency Operations Center-PEOC, Ministry of Health;Department of Global Health Security, Infectious Diseases Institute, Makerere University, Kampala, Uganda;Uganda National Institute of Public Health, Ministry of Health;Infectious Diseases Research Collaboration, Kampala, Uganda	OPEN	https://pathoplexus.org/about/terms-of-use/open-data	
PP_0076RGS	PP_0076RGS.1	https://pathoplexus.org/seq/PP_0076RGS.1	OZ491532.1	https://www.ncbi.nlm.nih.gov/nuccore/OZ491532.1	Uganda/CL023122/2026-05-15	2026-05-15	Africa	Uganda	Central Region	Kampala	human		2026-07-02		Kanyerezi et al.	Department of National Health Laboratory and Diagnostics Services, Central Public Health Laboratories (NHLDS-CPHL), Ministry of Health, P.O. Box 7272, Kampala, Uganda;The African Center of Excellence in Bioinformatics and Data-Intensive Sciences, the Infectious Diseases Institute, College of Health Sciences, Makerere University, P.O Box 22418, Kampala, Uganda;Department of Immunology and Molecular Biology, School of Biomedical Sciences, College of Health Sciences,  Makerere University, P.O Box 7072, Kampala, Uganda;National Public Health Emergency Operations Center-PEOC, Ministry of Health;Department of Global Health Security, Infectious Diseases Institute, Makerere University, Kampala, Uganda;Uganda National Institute of Public Health, Ministry of Health;Infectious Diseases Research Collaboration, Kampala, Uganda	OPEN	https://pathoplexus.org/about/terms-of-use/open-data	
PP_0076RJM	PP_0076RJM.1	https://pathoplexus.org/seq/PP_0076RJM.1	OZ491525.1	https://www.ncbi.nlm.nih.gov/nuccore/OZ491525.1	Uganda/CL023370/2026-05-21	2026-05-21	Africa	Uganda	Central Region	Wakiso	human		2026-07-02		Kanyerezi et al.	Department of National Health Laboratory and Diagnostics Services, Central Public Health Laboratories (NHLDS-CPHL), Ministry of Health, P.O. Box 7272, Kampala, Uganda;The African Center of Excellence in Bioinformatics and Data-Intensive Sciences, the Infectious Diseases Institute, College of Health Sciences, Makerere University, P.O Box 22418, Kampala, Uganda;Department of Immunology and Molecular Biology, School of Biomedical Sciences, College of Health Sciences,  Makerere University, P.O Box 7072, Kampala, Uganda;National Public Health Emergency Operations Center-PEOC, Ministry of Health;Department of Global Health Security, Infectious Diseases Institute, Makerere University, Kampala, Uganda;Uganda National Institute of Public Health, Ministry of Health;Infectious Diseases Research Collaboration, Kampala, Uganda	OPEN	https://pathoplexus.org/about/terms-of-use/open-data	
PP_0076RLH	PP_0076RLH.1	https://pathoplexus.org/seq/PP_0076RLH.1	OZ491526.1	https://www.ncbi.nlm.nih.gov/nuccore/OZ491526.1	Uganda/CL023730/2026-05-27	2026-05-27	Africa				human		2026-07-02		Kanyerezi et al.	Department of National Health Laboratory and Diagnostics Services, Central Public Health Laboratories (NHLDS-CPHL), Ministry of Health, P.O. Box 7272, Kampala, Uganda;The African Center of Excellence in Bioinformatics and Data-Intensive Sciences, the Infectious Diseases Institute, College of Health Sciences, Makerere University, P.O Box 22418, Kampala, Uganda;Department of Immunology and Molecular Biology, School of Biomedical Sciences, College of Health Sciences,  Makerere University, P.O Box 7072, Kampala, Uganda;National Public Health Emergency Operations Center-PEOC, Ministry of Health;Department of Global Health Security, Infectious Diseases Institute, Makerere University, Kampala, Uganda;Uganda National Institute of Public Health, Ministry of Health;Infectious Diseases Research Collaboration, Kampala, Uganda	OPEN	https://pathoplexus.org/about/terms-of-use/open-data	
PP_0076RMF	PP_0076RMF.1	https://pathoplexus.org/seq/PP_0076RMF.1	OZ491529.1	https://www.ncbi.nlm.nih.gov/nuccore/OZ491529.1	Uganda/CL023747/2026-05-28	2026-05-28	Africa	Uganda	Central Region	Kampala	human		2026-07-02		Kanyerezi et al.	Department of National Health Laboratory and Diagnostics Services, Central Public Health Laboratories (NHLDS-CPHL), Ministry of Health, P.O. Box 7272, Kampala, Uganda;The African Center of Excellence in Bioinformatics and Data-Intensive Sciences, the Infectious Diseases Institute, College of Health Sciences, Makerere University, P.O Box 22418, Kampala, Uganda;Department of Immunology and Molecular Biology, School of Biomedical Sciences, College of Health Sciences,  Makerere University, P.O Box 7072, Kampala, Uganda;National Public Health Emergency Operations Center-PEOC, Ministry of Health;Department of Global Health Security, Infectious Diseases Institute, Makerere University, Kampala, Uganda;Uganda National Institute of Public Health, Ministry of Health;Infectious Diseases Research Collaboration, Kampala, Uganda	OPEN	https://pathoplexus.org/about/terms-of-use/open-data	
PP_0076RPB	PP_0076RPB.1	https://pathoplexus.org/seq/PP_0076RPB.1	OZ491537.1	https://www.ncbi.nlm.nih.gov/nuccore/OZ491537.1	Uganda/CL023828/2026-05-29	2026-05-29	Africa	Uganda	Central Region	Kampala	human		2026-07-02		Kanyerezi et al.	Department of National Health Laboratory and Diagnostics Services, Central Public Health Laboratories (NHLDS-CPHL), Ministry of Health, P.O. Box 7272, Kampala, Uganda;The African Center of Excellence in Bioinformatics and Data-Intensive Sciences, the Infectious Diseases Institute, College of Health Sciences, Makerere University, P.O Box 22418, Kampala, Uganda;Department of Immunology and Molecular Biology, School of Biomedical Sciences, College of Health Sciences,  Makerere University, P.O Box 7072, Kampala, Uganda;National Public Health Emergency Operations Center-PEOC, Ministry of Health;Department of Global Health Security, Infectious Diseases Institute, Makerere University, Kampala, Uganda;Uganda National Institute of Public Health, Ministry of Health;Infectious Diseases Research Collaboration, Kampala, Uganda	OPEN	https://pathoplexus.org/about/terms-of-use/open-data	
PP_0076RQ9	PP_0076RQ9.1	https://pathoplexus.org/seq/PP_0076RQ9.1	OZ491538.1	https://www.ncbi.nlm.nih.gov/nuccore/OZ491538.1	Uganda/CL023974/2026-06-01	2026-06-01	Africa	Uganda			human		2026-07-02		Kanyerezi et al.	Department of National Health Laboratory and Diagnostics Services, Central Public Health Laboratories (NHLDS-CPHL), Ministry of Health, P.O. Box 7272, Kampala, Uganda;The African Center of Excellence in Bioinformatics and Data-Intensive Sciences, the Infectious Diseases Institute, College of Health Sciences, Makerere University, P.O Box 22418, Kampala, Uganda;Department of Immunology and Molecular Biology, School of Biomedical Sciences, College of Health Sciences,  Makerere University, P.O Box 7072, Kampala, Uganda;National Public Health Emergency Operations Center-PEOC, Ministry of Health;Department of Global Health Security, Infectious Diseases Institute, Makerere University, Kampala, Uganda;Uganda National Institute of Public Health, Ministry of Health;Infectious Diseases Research Collaboration, Kampala, Uganda	OPEN	https://pathoplexus.org/about/terms-of-use/open-data	
PP_0076RR7	PP_0076RR7.1	https://pathoplexus.org/seq/PP_0076RR7.1	OZ491524.1	https://www.ncbi.nlm.nih.gov/nuccore/OZ491524.1	Uganda/CL023975/2026-06-01	2026-06-01	Africa				human		2026-07-02		Kanyerezi et al.	Department of National Health Laboratory and Diagnostics Services, Central Public Health Laboratories (NHLDS-CPHL), Ministry of Health, P.O. Box 7272, Kampala, Uganda;The African Center of Excellence in Bioinformatics and Data-Intensive Sciences, the Infectious Diseases Institute, College of Health Sciences, Makerere University, P.O Box 22418, Kampala, Uganda;Department of Immunology and Molecular Biology, School of Biomedical Sciences, College of Health Sciences,  Makerere University, P.O Box 7072, Kampala, Uganda;National Public Health Emergency Operations Center-PEOC, Ministry of Health;Department of Global Health Security, Infectious Diseases Institute, Makerere University, Kampala, Uganda;Uganda National Institute of Public Health, Ministry of Health;Infectious Diseases Research Collaboration, Kampala, Uganda	OPEN	https://pathoplexus.org/about/terms-of-use/open-data	
PP_0076RS5	PP_0076RS5.1	https://pathoplexus.org/seq/PP_0076RS5.1	OZ491522.1	https://www.ncbi.nlm.nih.gov/nuccore/OZ491522.1	Uganda/CL023976/2026-06-01	2026-06-01	Africa				human		2026-07-02		Kanyerezi et al.	Department of National Health Laboratory and Diagnostics Services, Central Public Health Laboratories (NHLDS-CPHL), Ministry of Health, P.O. Box 7272, Kampala, Uganda;The African Center of Excellence in Bioinformatics and Data-Intensive Sciences, the Infectious Diseases Institute, College of Health Sciences, Makerere University, P.O Box 22418, Kampala, Uganda;Department of Immunology and Molecular Biology, School of Biomedical Sciences, College of Health Sciences,  Makerere University, P.O Box 7072, Kampala, Uganda;National Public Health Emergency Operations Center-PEOC, Ministry of Health;Department of Global Health Security, Infectious Diseases Institute, Makerere University, Kampala, Uganda;Uganda National Institute of Public Health, Ministry of Health;Infectious Diseases Research Collaboration, Kampala, Uganda	OPEN	https://pathoplexus.org/about/terms-of-use/open-data	
PP_0076RT3	PP_0076RT3.1	https://pathoplexus.org/seq/PP_0076RT3.1	OZ491536.1	https://www.ncbi.nlm.nih.gov/nuccore/OZ491536.1	Uganda/CL024040/2026-06-02	2026-06-02	Africa	Uganda	Central Region	Kampala	human		2026-07-02		Kanyerezi et al.	Department of National Health Laboratory and Diagnostics Services, Central Public Health Laboratories (NHLDS-CPHL), Ministry of Health, P.O. Box 7272, Kampala, Uganda;The African Center of Excellence in Bioinformatics and Data-Intensive Sciences, the Infectious Diseases Institute, College of Health Sciences, Makerere University, P.O Box 22418, Kampala, Uganda;Department of Immunology and Molecular Biology, School of Biomedical Sciences, College of Health Sciences,  Makerere University, P.O Box 7072, Kampala, Uganda;National Public Health Emergency Operations Center-PEOC, Ministry of Health;Department of Global Health Security, Infectious Diseases Institute, Makerere University, Kampala, Uganda;Uganda National Institute of Public Health, Ministry of Health;Infectious Diseases Research Collaboration, Kampala, Uganda	OPEN	https://pathoplexus.org/about/terms-of-use/open-data	
PP_0076RU1	PP_0076RU1.1	https://pathoplexus.org/seq/PP_0076RU1.1	OZ491539.1	https://www.ncbi.nlm.nih.gov/nuccore/OZ491539.1	Uganda/CL024153/2026-06-03	2026-06-03	Africa	Uganda	Northern Region	Arua	human		2026-07-02		Kanyerezi et al.	Department of National Health Laboratory and Diagnostics Services, Central Public Health Laboratories (NHLDS-CPHL), Ministry of Health, P.O. Box 7272, Kampala, Uganda;The African Center of Excellence in Bioinformatics and Data-Intensive Sciences, the Infectious Diseases Institute, College of Health Sciences, Makerere University, P.O Box 22418, Kampala, Uganda;Department of Immunology and Molecular Biology, School of Biomedical Sciences, College of Health Sciences,  Makerere University, P.O Box 7072, Kampala, Uganda;National Public Health Emergency Operations Center-PEOC, Ministry of Health;Department of Global Health Security, Infectious Diseases Institute, Makerere University, Kampala, Uganda;Uganda National Institute of Public Health, Ministry of Health;Infectious Diseases Research Collaboration, Kampala, Uganda	OPEN	https://pathoplexus.org/about/terms-of-use/open-data	
PP_0076RVZ	PP_0076RVZ.1	https://pathoplexus.org/seq/PP_0076RVZ.1	OZ491534.1	https://www.ncbi.nlm.nih.gov/nuccore/OZ491534.1	Uganda/CL024193/2026-06-04	2026-06-04	Africa	Uganda			human		2026-07-02		Kanyerezi et al.	Department of National Health Laboratory and Diagnostics Services, Central Public Health Laboratories (NHLDS-CPHL), Ministry of Health, P.O. Box 7272, Kampala, Uganda;The African Center of Excellence in Bioinformatics and Data-Intensive Sciences, the Infectious Diseases Institute, College of Health Sciences, Makerere University, P.O Box 22418, Kampala, Uganda;Department of Immunology and Molecular Biology, School of Biomedical Sciences, College of Health Sciences,  Makerere University, P.O Box 7072, Kampala, Uganda;National Public Health Emergency Operations Center-PEOC, Ministry of Health;Department of Global Health Security, Infectious Diseases Institute, Makerere University, Kampala, Uganda;Uganda National Institute of Public Health, Ministry of Health;Infectious Diseases Research Collaboration, Kampala, Uganda	OPEN	https://pathoplexus.org/about/terms-of-use/open-data	
PP_0076RWX	PP_0076RWX.1	https://pathoplexus.org/seq/PP_0076RWX.1	OZ491533.1	https://www.ncbi.nlm.nih.gov/nuccore/OZ491533.1	Uganda/CL024200/2026-06-04	2026-06-04	Africa	Uganda	Northern Region	Arua	human		2026-07-02		Kanyerezi et al.	Department of National Health Laboratory and Diagnostics Services, Central Public Health Laboratories (NHLDS-CPHL), Ministry of Health, P.O. Box 7272, Kampala, Uganda;The African Center of Excellence in Bioinformatics and Data-Intensive Sciences, the Infectious Diseases Institute, College of Health Sciences, Makerere University, P.O Box 22418, Kampala, Uganda;Department of Immunology and Molecular Biology, School of Biomedical Sciences, College of Health Sciences,  Makerere University, P.O Box 7072, Kampala, Uganda;National Public Health Emergency Operations Center-PEOC, Ministry of Health;Department of Global Health Security, Infectious Diseases Institute, Makerere University, Kampala, Uganda;Uganda National Institute of Public Health, Ministry of Health;Infectious Diseases Research Collaboration, Kampala, Uganda	OPEN	https://pathoplexus.org/about/terms-of-use/open-data	
PP_0076RXV	PP_0076RXV.1	https://pathoplexus.org/seq/PP_0076RXV.1	OZ491541.1	https://www.ncbi.nlm.nih.gov/nuccore/OZ491541.1	Uganda/CL024202/2026-06-04	2026-06-04	Africa	Uganda	Northern Region	Arua	human		2026-07-02		Kanyerezi et al.	Department of National Health Laboratory and Diagnostics Services, Central Public Health Laboratories (NHLDS-CPHL), Ministry of Health, P.O. Box 7272, Kampala, Uganda;The African Center of Excellence in Bioinformatics and Data-Intensive Sciences, the Infectious Diseases Institute, College of Health Sciences, Makerere University, P.O Box 22418, Kampala, Uganda;Department of Immunology and Molecular Biology, School of Biomedical Sciences, College of Health Sciences,  Makerere University, P.O Box 7072, Kampala, Uganda;National Public Health Emergency Operations Center-PEOC, Ministry of Health;Department of Global Health Security, Infectious Diseases Institute, Makerere University, Kampala, Uganda;Uganda National Institute of Public Health, Ministry of Health;Infectious Diseases Research Collaboration, Kampala, Uganda	OPEN	https://pathoplexus.org/about/terms-of-use/open-data	
PP_0076YN6	PP_0076YN6.1	https://pathoplexus.org/seq/PP_0076YN6.1	OZ492176.1	https://www.ncbi.nlm.nih.gov/nuccore/OZ492176.1	Uganda/CL025633/2026-06-20	2026-06-20	Africa	Uganda			human		2026-07-06		Kanyerezi et al.	Department of National Health Laboratory and Diagnostics Services, Central Public Health Laboratories (NHLDS-CPHL), Ministry of Health, P.O. Box 7272, Kampala, Uganda;The African Center of Excellence in Bioinformatics and Data-Intensive Sciences, the Infectious Diseases Institute, College of Health Sciences, Makerere University, P.O Box 22418, Kampala, Uganda;Department of Immunology and Molecular Biology, School of Biomedical Sciences, College of Health Sciences,  Makerere University, P.O Box 7072, Kampala, Uganda;National Public Health Emergency Operations Center-PEOC, Ministry of Health;Department of Global Health Security, Infectious Diseases Institute, Makerere University, Kampala, Uganda;Uganda National Institute of Public Health, Ministry of Health;Infectious Diseases Research Collaboration, Kampala, Uganda	OPEN	https://pathoplexus.org/about/terms-of-use/open-data	
PP_0079G2P	PP_0079G2P.2	https://pathoplexus.org/seq/PP_0079G2P.2	OZ498939.1	https://www.ncbi.nlm.nih.gov/nuccore/OZ498939.1	Germany/W130138/2026-07-13	2026-07-13	Europe	Germany			human		2026-07-23		Lier et al.	Institute of Virology, Philipps University of Marburg; Infectious Diseases Department, University Hospital Frankfurt	OPEN	https://pathoplexus.org/about/terms-of-use/open-data	
