accession	adar_excluded
PP_00764QW	yes
PP_007AFQB	yes
PP_007A56Q	yes
PP_007AF2N	yes
PP_007AED1	yes
PP_007AEKN	yes
PP_007AENG	yes
PP_007C78E	yes
PP_007ESCH	yes
PP_007ESDF	yes
PP_007ESAM	yes
PP_007ESBK	yes
PP_007ESED	yes
PP_007ES9P	yes
PP_007ESFB	yes
PP_007BZQR	yes
PP_007ES4Z	yes
PP_007ES5X	yes
PP_007ES6V	yes
PP_007ES7T	yes
PP_007ES8R	yes
PP_007ESG9	yes
PP_007ERNX	yes
PP_007C6F1	yes
PP_007C4RG	yes
PP_007C4TC	yes
PP_007BXK3	yes
PP_007EXUD	yes
PP_007EWH2	yes
PP_007EYF5	yes
PP_007C74N	yes
PP_007C6X2	yes